<?xml version="1.0" encoding="utf-8"?>
<odoo>
	<data noupdate="0">
		<record id="module_category_gescoth" model="ir.module.category">
			<field name="name">Gestion d'école</field>
			<field name="description">Catégorie pour Gescoth</field>
			<field name="sequence">200</field>
		</record>
		<record id="group_gescoth_eleve" model="res.groups">
			<field name="name">Etudiant</field>
			<field name="category_id" ref="module_category_gescoth"/>
		</record>
		<record id="group_gescoth_prof" model="res.groups">
			<field name="name">Enseignant</field>
			<field name="category_id" ref="module_category_gescoth"/>
			<field name="implied_ids" eval="[(4, ref('group_gescoth_eleve'))]"/>
		</record>
		<record id="group_gescoth_comptable" model="res.groups">
			<field name="name">Comptable</field>
			<field name="category_id" ref="module_category_gescoth"/>
			<field name="implied_ids" eval="[(4, ref('group_gescoth_prof'))]"/>
		</record>
		<record id="group_gescoth_admin" model="res.groups">
			<field name="name">Administration</field>
			<field name="category_id" ref="module_category_gescoth"/>
			<field name="implied_ids" eval="[(4, ref('group_gescoth_comptable'))]"/>
			<field name="users" eval="[(4, ref('base.user_root')) , (4, ref('base.user_admin')) ]"/>
		</record>
	</data>

	<data noupdate="1">
		<record id="base.default_user" model="res.users">
			<field name="groups_id" eval="[(4,ref('gescoth.group_gescoth_admin'))]"/>
		</record>
	</data>
	
</odoo>