id,name,model_id:id,group_id:id,perm_read,perm_write,perm_create,perm_unlink
access_type_projet,access.type.projet,model_type_projet,base.group_user,1,1,1,1
access_type_projet_line,access.type.projet.line,model_type_projet_line,base.group_user,1,1,1,1
access_type_projet_line_task,access.type.projet.line.task,model_type_projet_line_task,base.group_user,1,1,1,1
access_task_type,access.task.type,model_task_type,base.group_user,1,1,1,1
access_stage_type,access.stage.type,model_stage_type,base.group_user,1,1,1,1