<?xml version="1.0" encoding="utf-8"?>
<odoo>
    <data noupdate="1">

        <record id="seq_acs_hms_emergency" model="ir.sequence">
            <field name="name">ACS Emergency</field>
            <field name="code">acs.hms.emergency</field>
            <field name="prefix">ME</field>
            <field name="padding">3</field>
            <field name="acs_auto_create" eval="True"/>
            <field name="company_id" eval="False"/>
        </record>

        <record id="emergency_department" model="hr.department">
            <field name="name">Emergency</field>
            <field name="patient_department">True</field>
            <field name="department_type">emergency_department</field>
            <field name="image" type="base64" file="acs_hms_emergency/static/description/icon.png"/>
        </record>

        <record id="base.user_root" model="res.users">
            <field name="department_ids" eval="[(4, ref('acs_hms_emergency.emergency_department'))]"/>
        </record>

        <record id="base.user_admin" model="res.users">
            <field name="department_ids" eval="[(4, ref('acs_hms_emergency.emergency_department'))]"/>
        </record>

        <record id="acs_emergency_ward" model="hospital.ward">
            <field name="name">Emergency Ward</field>
            <field name="department_id" ref="emergency_department"/>
        </record>

        <record id="hms_acs_emergency_service" model="product.product">
            <field name="name">Emergency Service</field>
            <field name="type">service</field>
            <field name="hospital_product_type">emergency</field>
            <field name="list_price">100.0</field>
            <field name="standard_price">100.0</field>
        </record>

        <record id="base.main_company" model="res.company" >
            <field name="emergency_usage_location_id" ref="stock.stock_location_customers"/>
            <field name="emergency_stock_location_id" ref="stock.stock_location_stock"/>
            <field name="acs_emergency_service_product_id" ref="hms_acs_emergency_service"/>
        </record>

    </data>
</odoo>