<?xml version="1.0" encoding="utf-8"?>
<odoo>
	<data noupdate="1">
		<record id="sequence_gescoth_eleve" model="ir.sequence">
		   <field name="name">Matricule eleve</field>
		   <field name="code">gescoth.eleve</field>
		   <field name="active">TRUE</field>
		   <field name="prefix">%(y)sM</field>
		   <field name="padding">4</field>
		   <field name="number_next">1</field>
		   <field name="number_increment">1</field>
		</record>
		<record id="sequence_gescoth_recu" model="ir.sequence">
		   <field name="name">Reçu payement</field>
		   <field name="code">gescoth.paiement.eleve</field>
		   <field name="active">TRUE</field>
		   <field name="prefix">Reçu N°-</field>
		   <field name="padding">3</field>
		   <field name="number_next">1</field>
		   <field name="number_increment">1</field>
		</record>	
		<record id="sequence_gescoth_numero_tranche" model="ir.sequence">
		   <field name="name">N° de tranche</field>
		   <field name="code">gescoth.tranche.line</field>
		   <field name="active">TRUE</field>
		   <field name="prefix">TR</field>
		   <field name="padding">3</field>
		   <field name="number_next">1</field>
		   <field name="number_increment">1</field>
		</record>	
	</data>
</odoo>