<?xml version="1.0" encoding="utf-8"?>
<odoo>

    <record id="group_hms_emergency" model="res.groups">
        <field name="name">Emergency Management Access</field>
        <field name="category_id" ref="acs_hms_base.module_category_hms_speciality"/>
        <field name="implied_ids" eval="[(4, ref('acs_hms_base.group_hms_user'))]"/>
        <field name="users" eval="[(4, ref('base.user_root')), (4, ref('base.user_admin'))]"/>
    </record>

    <!-- See all Emergency -->
    <record id="hms_all_emergency_rule" model="ir.rule">
        <field name="name">All Emergency Rule</field>
        <field name="model_id" ref="model_acs_hms_emergency"/>
        <field name="domain_force">[(1,'=',1)]</field>
        <field name="groups" eval="[(4, ref('acs_hms_base.group_hms_manager'))]"/>
    </record>

    <record model="ir.rule" id="emergency_comp_rule">
        <field name="name">Emergency multi-company</field>
        <field name="model_id" ref="model_acs_hms_emergency"/>
        <field name="domain_force">['|',('company_id','=',False),('company_id', 'in', company_ids)]</field>
    </record>

    <record id="hms_emergency_department_rule" model="ir.rule">
        <field name="name">Emergency Multi-Department</field>
        <field name="model_id" ref="model_acs_hms_emergency"/>
        <field name="domain_force">['|', ('department_id', '=', False), ('department_id', 'in', [dep.id for dep in user.department_ids])]</field>
    </record>

</odoo>