id,name,model_id:id,group_id:id,perm_read,perm_write,perm_create,perm_unlink

admin_gescoth_eleve,admin.gescoth.eleve,model_gescoth_eleve,gescoth.group_gescoth_admin,1,1,1,1
compta_gescoth_eleve,compta.gescoth.eleve,model_gescoth_eleve,gescoth.group_gescoth_comptable,1,1,1,1
prof_gescoth_eleve,prof.gescoth.eleve,model_gescoth_eleve,gescoth.group_gescoth_prof,1,0,0,0
eleve_gescoth_eleve,eleve.gescoth.eleve,model_gescoth_eleve,gescoth.group_gescoth_eleve,0,0,0,0

admin_gescoth_matiere,admin.gescoth.matiere,model_gescoth_matiere,gescoth.group_gescoth_admin,1,1,1,1
compta_gescoth_matiere,compta.gescoth.matiere,model_gescoth_matiere,gescoth.group_gescoth_comptable,1,1,1,1
prof_gescoth_matiere,prof.gescoth.matiere,model_gescoth_matiere,gescoth.group_gescoth_prof,1,0,0,0
eleve_gescoth_matiere,eleve.gescoth.matiere,model_gescoth_matiere,gescoth.group_gescoth_eleve,0,0,0,0

admin_gescoth_filiere,admin.gescoth.filiere,model_gescoth_filiere,gescoth.group_gescoth_admin,1,1,1,1
compta_gescoth_filiere,compta.gescoth.filiere,model_gescoth_filiere,gescoth.group_gescoth_eleve,0,0,0,0
prof_gescoth_filiere,prof.gescoth.filiere,model_gescoth_filiere,gescoth.group_gescoth_prof,1,0,0,0
eleve_gescoth_filiere,eleve.gescoth.filiere,model_gescoth_filiere,gescoth.group_gescoth_comptable,1,1,1,1


admin_gescoth_classe,admin.gescoth.classe,model_gescoth_classe,gescoth.group_gescoth_admin,1,1,1,1
compta_gescoth_classe,compta.gescoth.classe,model_gescoth_classe,gescoth.group_gescoth_comptable,1,1,1,1
prof_gescoth_classe,prof.gescoth.classe,model_gescoth_classe,gescoth.group_gescoth_prof,1,0,0,0
eleve_gescoth_classe,eleve.gescoth.classe,model_gescoth_classe,gescoth.group_gescoth_eleve,0,0,0,0

admin_gescoth_coeficient,admin.gescoth.coeficient,model_gescoth_coeficient,gescoth.group_gescoth_admin,1,1,1,1
compta_gescoth_coeficient,compta.gescoth.coeficient,model_gescoth_coeficient,gescoth.group_gescoth_comptable,1,1,1,1
prof_gescoth_coeficient,prof.gescoth.coeficient,model_gescoth_coeficient,gescoth.group_gescoth_prof,1,0,0,0
eleve_gescoth_coeficient,eleve.gescoth.coeficient,model_gescoth_coeficient,gescoth.group_gescoth_eleve,0,0,0,0

admin_gescoth_note,admin.gescoth.note,model_gescoth_note,gescoth.group_gescoth_admin,1,1,1,1
compta_gescoth_note,compta.gescoth.note,model_gescoth_note,gescoth.group_gescoth_comptable,1,1,1,1
prof_gescoth_note,prof.gescoth.note,model_gescoth_note,gescoth.group_gescoth_prof,1,0,0,0
eleve_gescoth_note,eleve.gescoth.note,model_gescoth_note,gescoth.group_gescoth_eleve,0,0,0,0

admin_gescoth_appreciation,admin.gescoth.appreciation,model_gescoth_appreciation,gescoth.group_gescoth_admin,1,1,1,1
compta_gescoth_appreciation,compta.gescoth.appreciation,model_gescoth_appreciation,gescoth.group_gescoth_comptable,1,1,1,1
prof_gescoth_appreciation,prof.gescoth.appreciation,model_gescoth_appreciation,gescoth.group_gescoth_prof,1,0,0,0
eleve_gescoth_appreciation,eleve.gescoth.appreciation,model_gescoth_appreciation,gescoth.group_gescoth_eleve,0,0,0,0

admin_gescoth_anneescolaire,admin.gescoth.anneescolaire,model_gescoth_anneescolaire,gescoth.group_gescoth_admin,1,1,1,1
compta_gescoth_anneescolaire,compta.gescoth.anneescolaire,model_gescoth_anneescolaire,gescoth.group_gescoth_comptable,1,1,1,1
prof_gescoth_anneescolaire,prof.gescoth.anneescolaire,model_gescoth_anneescolaire,gescoth.group_gescoth_prof,1,0,0,0
eleve_gescoth_anneescolaire,eleve.gescoth.anneescolaire,model_gescoth_anneescolaire,gescoth.group_gescoth_eleve,0,0,0,0

admin_gescoth_paiement_eleve,admin.gescoth.paiement.eleve,model_gescoth_paiement_eleve,gescoth.group_gescoth_admin,1,1,1,1
compta_gescoth_paiement_eleve,compta.gescoth.paiement.eleve,model_gescoth_paiement_eleve,gescoth.group_gescoth_comptable,1,1,1,1
prof_gescoth_paiement_eleve,prof.gescoth.paiement.eleve,model_gescoth_paiement_eleve,gescoth.group_gescoth_prof,0,0,0,0
eleve_gescoth_paiement_eleve,eleve.gescoth.paiement.eleve,model_gescoth_paiement_eleve,gescoth.group_gescoth_eleve,0,0,0,0


admin_gescoth_tranche,admin.gescoth.tranche,model_gescoth_tranche,gescoth.group_gescoth_admin,1,1,1,1
compta_gescoth_tranche,compta.gescoth.tranche,model_gescoth_tranche,gescoth.group_gescoth_comptable,1,1,1,1
prof_gescoth_tranche,prof.gescoth.tranche,model_gescoth_tranche,gescoth.group_gescoth_prof,1,0,0,0
eleve_gescoth_tranche,eleve.gescoth.tranche,model_gescoth_tranche,gescoth.group_gescoth_eleve,0,0,0,0

admin_gescoth_tranche_line,admin.gescoth.tranche.line,model_gescoth_tranche_line,gescoth.group_gescoth_admin,1,1,1,1
compta_gescoth_tranche_line,compta.gescoth.tranche.line,model_gescoth_tranche_line,gescoth.group_gescoth_comptable,1,1,1,1
prof_gescoth_tranche_line,prof.gescoth.tranche.line,model_gescoth_tranche_line,gescoth.group_gescoth_prof,1,0,0,0
eleve_gescoth_tranche_line,eleve.gescoth.tranche.line,model_gescoth_tranche_line,gescoth.group_gescoth_eleve,0,0,0,0

admin_gescoth_decision,admin.gescoth.decision,model_gescoth_decision,gescoth.group_gescoth_admin,1,1,1,1
compta_gescoth_decision,compta.gescoth.decision,model_gescoth_decision,gescoth.group_gescoth_comptable,1,1,1,1
prof_gescoth_decision,prof.gescoth.decision,model_gescoth_decision,gescoth.group_gescoth_prof,1,0,0,0
eleve_gescoth_decision,eleve.gescoth.decision,model_gescoth_decision,gescoth.group_gescoth_eleve,0,0,0,0

admin_gescoth_parent_eleve,admin.gescoth.parent.eleve,model_gescoth_parent_eleve,gescoth.group_gescoth_admin,1,1,1,1
compta_gescoth_parent_eleve,compta.gescoth.parent.eleve,model_gescoth_parent_eleve,gescoth.group_gescoth_comptable,1,1,1,1
prof_gescoth_parent_eleve,prof.gescoth.parent.eleve,model_gescoth_parent_eleve,gescoth.group_gescoth_prof,1,0,0,0
eleve_gescoth_parent_eleve,eleve.gescoth.parent.eleve,model_gescoth_parent_eleve,gescoth.group_gescoth_eleve,0,0,0,0

admin_gescoth_personnel,admin.gescoth.personnel,model_gescoth_personnel,gescoth.group_gescoth_admin,1,1,1,1
compta_gescoth_personnel,compta.gescoth.personnel,model_gescoth_personnel,gescoth.group_gescoth_comptable,1,1,1,1
prof_gescoth_personnel,prof.gescoth.personnel,model_gescoth_personnel,gescoth.group_gescoth_prof,1,0,0,0
eleve_gescoth_personnel,eleve.gescoth.personnel,model_gescoth_personnel,gescoth.group_gescoth_eleve,0,0,0,0

admin_gescoth_poste,admin.gescoth.poste,model_gescoth_poste,gescoth.group_gescoth_admin,1,1,1,1
compta_gescoth_poste,compta.gescoth.poste,model_gescoth_poste,gescoth.group_gescoth_comptable,1,1,1,1
prof_gescoth_poste,prof.gescoth.poste,model_gescoth_poste,gescoth.group_gescoth_prof,1,0,0,0
eleve_gescoth_poste,eleve.gescoth.poste,model_gescoth_poste,gescoth.group_gescoth_eleve,0,0,0,0

admin_gescoth_examen_resultat,admin.gescoth.examen.resultat,model_gescoth_examen_resultat,gescoth.group_gescoth_admin,1,1,1,1
compta_gescoth_examen_resultat,compta.gescoth.examen.resultat,model_gescoth_examen_resultat,gescoth.group_gescoth_comptable,1,1,1,1
prof_gescoth_examen_resultat,prof.gescoth.examen.resultat,model_gescoth_examen_resultat,gescoth.group_gescoth_prof,1,0,0,0
eleve_gescoth_examen_resultat,eleve.gescoth.examen.resultat,model_gescoth_examen_resultat,gescoth.group_gescoth_eleve,0,0,0,0

admin_gescoth_examen_program,admin.gescoth.examen.program,model_gescoth_examen_program,gescoth.group_gescoth_admin,1,1,1,1
compta_gescoth_examen_program,compta.gescoth.examen.program,model_gescoth_examen_program,gescoth.group_gescoth_comptable,1,1,1,1
prof_gescoth_examen_program,prof.gescoth.examen.program,model_gescoth_examen_program,gescoth.group_gescoth_prof,1,0,0,0
eleve_gescoth_examen_program,eleve.gescoth.examen.program,model_gescoth_examen_program,gescoth.group_gescoth_eleve,0,0,0,0

admin_gescoth_conduite,admin.gescoth.conduite,model_gescoth_conduite,gescoth.group_gescoth_admin,1,1,1,1
compta_gescoth_conduite,compta.gescoth.conduite,model_gescoth_conduite,gescoth.group_gescoth_comptable,1,1,1,1
prof_gescoth_conduite,prof.gescoth.conduite,model_gescoth_conduite,gescoth.group_gescoth_prof,1,0,0,0
eleve_gescoth_conduite,eleve.gescoth.conduite,model_gescoth_conduite,gescoth.group_gescoth_eleve,0,0,0,0

admin_gescoth_program_line,admin.gescoth.program.line,model_gescoth_program_line,gescoth.group_gescoth_admin,1,1,1,1
compta_gescoth_program_line,compta.gescoth.program.line,model_gescoth_program_line,gescoth.group_gescoth_comptable,1,1,1,1
prof_gescoth_program_line,prof.gescoth.program.line,model_gescoth_program_line,gescoth.group_gescoth_prof,1,0,0,0
eleve_gescoth_program_line,eleve.gescoth.program.line,model_gescoth_program_line,gescoth.group_gescoth_eleve,0,0,0,0


admin_gescoth_depense,admin.gescoth.depense,model_gescoth_depense,gescoth.group_gescoth_admin,1,1,1,1
compta_gescoth_depense,compta.gescoth.depense,model_gescoth_depense,gescoth.group_gescoth_comptable,1,1,1,1
prof_gescoth_depense,prof.gescoth.depense,model_gescoth_depense,gescoth.group_gescoth_prof,1,0,0,0
eleve_gescoth_depense,eleve.gescoth.depense,model_gescoth_depense,gescoth.group_gescoth_eleve,0,0,0,0

admin_gescoth_recette,admin.gescoth.recette,model_gescoth_recette,gescoth.group_gescoth_admin,1,1,1,1
compta_gescoth_recette,compta.gescoth.recette,model_gescoth_recette,gescoth.group_gescoth_comptable,1,1,1,1
prof_gescoth_recette,prof.gescoth.recette,model_gescoth_recette,gescoth.group_gescoth_prof,1,0,0,0
eleve_gescoth_recette,eleve.gescoth.recette,model_gescoth_recette,gescoth.group_gescoth_eleve,0,0,0,0

admin_gescoth_horaire,admin.gescoth.horaire,model_gescoth_horaire,gescoth.group_gescoth_admin,1,1,1,1
compta_gescoth_horaire,compta.gescoth.horaire,model_gescoth_horaire,gescoth.group_gescoth_comptable,1,1,1,1
prof_gescoth_horaire,prof.gescoth.horaire,model_gescoth_horaire,gescoth.group_gescoth_prof,1,0,0,0
eleve_gescoth_horaire,eleve.gescoth.horaire,model_gescoth_horaire,gescoth.group_gescoth_eleve,0,0,0,0

admin_gescoth_emploi_temps,admin.gescoth.emploi.temps,model_gescoth_emploi_temps,gescoth.group_gescoth_admin,1,1,1,1
compta_gescoth_emploi_temps,compta.gescoth.emploi.temps,model_gescoth_emploi_temps,gescoth.group_gescoth_comptable,1,1,1,1
prof_gescoth_emploi_temps,prof.gescoth.emploi.temps,model_gescoth_emploi_temps,gescoth.group_gescoth_prof,1,0,0,0
eleve_gescoth_emploi_temps,eleve.gescoth.emploi.temps,model_gescoth_emploi_temps,gescoth.group_gescoth_eleve,0,0,0,0


admin_gescoth_emploi_temps_line,admin.gescoth.emploi.temps.line,model_gescoth_emploi_temps_line,gescoth.group_gescoth_admin,1,1,1,1
compta_gescoth_emploi_temps_line,compta.gescoth.emploi.temps.line,model_gescoth_emploi_temps_line,gescoth.group_gescoth_comptable,1,1,1,1
prof_gescoth_emploi_temps_line,prof.gescoth.emploi.temps.line,model_gescoth_emploi_temps_line,gescoth.group_gescoth_prof,1,0,0,0
eleve_gescoth_emploi_temps_line,eleve.gescoth.emploi.temps.line,model_gescoth_emploi_temps_line,gescoth.group_gescoth_eleve,0,0,0,0

admin_gescoth_niveau,admin.gescoth.niveau,model_gescoth_niveau,gescoth.group_gescoth_admin,1,1,1,1
compta_gescoth_niveau,compta.gescoth.niveau,model_gescoth_niveau,gescoth.group_gescoth_comptable,1,1,1,1
prof_gescoth_niveau,prof.gescoth.niveau,model_gescoth_niveau,gescoth.group_gescoth_prof,1,0,0,0
eleve_gescoth_niveau,eleve.gescoth.niveau,model_gescoth_niveau,gescoth.group_gescoth_eleve,0,0,0,0

admin_gescoth_actualite,admin.gescoth.actualite,model_gescoth_actualite,gescoth.group_gescoth_admin,1,1,1,1
compta_gescoth_actualite,compta.gescoth.actualite,model_gescoth_actualite,gescoth.group_gescoth_comptable,1,1,1,1
prof_gescoth_actualite,prof.gescoth.actualite,model_gescoth_actualite,gescoth.group_gescoth_prof,1,0,0,0
eleve_gescoth_actualite,eleve.gescoth.actualite,model_gescoth_actualite,gescoth.group_gescoth_eleve,0,0,0,0

admin_gescoth_evenement,admin.gescoth.evenement,model_gescoth_evenement,gescoth.group_gescoth_admin,1,1,1,1
compta_gescoth_evenement,compta.gescoth.evenement,model_gescoth_evenement,gescoth.group_gescoth_comptable,1,1,1,1
prof_gescoth_evenement,prof.gescoth.evenement,model_gescoth_evenement,gescoth.group_gescoth_prof,1,0,0,0
eleve_gescoth_evenement,eleve.gescoth.evenement,model_gescoth_evenement,gescoth.group_gescoth_eleve,0,0,0,0

admin_gescoth_enevement_participant,admin.gescoth.enevement.participant,model_gescoth_enevement_participant,gescoth.group_gescoth_admin,1,1,1,1
compta_gescoth_enevement_participant,compta.gescoth.enevement.participant,model_gescoth_enevement_participant,gescoth.group_gescoth_comptable,1,1,1,1
prof_gescoth_enevement_participant,prof.gescoth.enevement.participant,model_gescoth_enevement_participant,gescoth.group_gescoth_prof,1,0,0,0
eleve_gescoth_enevement_participant,eleve.gescoth.enevement.participant,model_gescoth_enevement_participant,gescoth.group_gescoth_eleve,0,0,0,0

admin_gescoth_scolarite_anterieur,admin.gescoth.scolarite.anterieur,model_gescoth_scolarite_anterieur,gescoth.group_gescoth_admin,1,1,1,1
compta_gescoth_scolarite_anterieur,compta.gescoth.scolarite.anterieur,model_gescoth_scolarite_anterieur,gescoth.group_gescoth_comptable,1,1,1,1
prof_gescoth_scolarite_anterieur,prof.gescoth.scolarite.anterieur,model_gescoth_scolarite_anterieur,gescoth.group_gescoth_prof,1,0,0,0
eleve_gescoth_scolarite_anterieur,eleve.gescoth.scolarite.anterieur,model_gescoth_scolarite_anterieur,gescoth.group_gescoth_eleve,0,0,0,0

admin_gescoth_info_medicaux,admin.gescoth.info.medicaux,model_gescoth_info_medicaux,gescoth.group_gescoth_admin,1,1,1,1
compta_gescoth_info_medicaux,compta.gescoth.info.medicaux,model_gescoth_info_medicaux,gescoth.group_gescoth_comptable,1,1,1,1
prof_gescoth_info_medicaux,prof.gescoth.info.medicaux,model_gescoth_info_medicaux,gescoth.group_gescoth_prof,1,0,0,0
eleve_gescoth_info_medicaux,eleve.gescoth.info.medicaux,model_gescoth_info_medicaux,gescoth.group_gescoth_eleve,0,0,0,0

admin_gescoth_heure_suplementaire,admin.gescoth.heure.suplementaire,model_gescoth_heure_suplementaire,gescoth.group_gescoth_admin,1,1,1,1
compta_gescoth_heure_suplementaire,compta.gescoth.heure.suplementaire,model_gescoth_heure_suplementaire,gescoth.group_gescoth_comptable,1,1,1,1
prof_gescoth_heure_suplementaire,prof.gescoth.heure.suplementaire,model_gescoth_heure_suplementaire,gescoth.group_gescoth_prof,1,0,0,0
eleve_gescoth_heure_suplementaire,eleve.gescoth.heure.suplementaire,model_gescoth_heure_suplementaire,gescoth.group_gescoth_eleve,0,0,0,0

admin_gescoth_prof_paiement,admin.gescoth.heure.suplementaire,model_gescoth_prof_paiement,gescoth.group_gescoth_admin,1,1,1,1
compta_gescoth_prof_paiement,compta.gescoth.heure.suplementaire,model_gescoth_prof_paiement,gescoth.group_gescoth_comptable,1,1,1,1
prof_gescoth_prof_paiement,prof.gescoth.heure.suplementaire,model_gescoth_prof_paiement,gescoth.group_gescoth_prof,1,0,0,0
eleve_gescoth_prof_paiement,eleve.gescoth.heure.suplementaire,model_gescoth_prof_paiement,gescoth.group_gescoth_eleve,0,0,0,0

admin_gescoth_comptabilite,admin.gescoth.gescoth.comptabilite,model_gescoth_comptabilite,gescoth.group_gescoth_admin,1,1,1,1
compta_gescoth_comptabilite,compta.gescoth.gescoth.comptabilite,model_gescoth_comptabilite,gescoth.group_gescoth_comptable,1,1,1,1
prof_gescoth_comptabilite,prof.gescoth.gescoth.comptabilite,model_gescoth_comptabilite,gescoth.group_gescoth_prof,1,0,0,0
eleve_gescoth_comptabilite,eleve.gescoth.gescoth.comptabilite,model_gescoth_comptabilite,gescoth.group_gescoth_eleve,0,0,0,0

admin_gescoth_attriubtion_classe,admin.gescoth.attriubtion.classe,model_gescoth_attriubtion_classe,gescoth.group_gescoth_admin,1,1,1,1
compta_gescoth_attriubtion_classe,compta.gescoth.attriubtion.classe,model_gescoth_attriubtion_classe,gescoth.group_gescoth_comptable,1,1,1,1
prof_gescoth_attriubtion_classe,prof.gescoth.attriubtion.classe,model_gescoth_attriubtion_classe,gescoth.group_gescoth_prof,1,0,0,0
eleve_gescoth_attriubtion_classe,eleve.gescoth.attriubtion.classe,model_gescoth_attriubtion_classe,gescoth.group_gescoth_eleve,0,0,0,0

admin_gescoth_bulletin_premier_semestre,admin.gescoth.bulletin.premier.semestre,model_gescoth_bulletin_premier_semestre,gescoth.group_gescoth_admin,1,1,1,1
compta_gescoth_bulletin_premier_semestre,compta.gescoth.bulletin.premier.semestre,model_gescoth_bulletin_premier_semestre,gescoth.group_gescoth_comptable,1,1,1,1
prof_gescoth_bulletin_premier_semestre,prof.gescoth.bulletin.premier.semestre,model_gescoth_bulletin_premier_semestre,gescoth.group_gescoth_prof,1,0,0,0
eleve_gescoth_bulletin_premier_semestre,eleve.gescoth.bulletin.premier.semestre,model_gescoth_bulletin_premier_semestre,gescoth.group_gescoth_eleve,0,0,0,0

admin_gescoth_bulletin_premier_trimestre,admin.gescoth.bulletin.premier.trimestre,model_gescoth_bulletin_premier_trimestre,gescoth.group_gescoth_admin,1,1,1,1
compta_gescoth_bulletin_premier_trimestre,compta.gescoth.bulletin.premier.trimestre,model_gescoth_bulletin_premier_trimestre,gescoth.group_gescoth_comptable,1,1,1,1
prof_gescoth_bulletin_premier_trimestre,prof.gescoth.bulletin.premier.trimestre,model_gescoth_bulletin_premier_trimestre,gescoth.group_gescoth_prof,1,0,0,0
eleve_gescoth_bulletin_premier_trimestre,eleve.gescoth.bulletin.premier.trimestre,model_gescoth_bulletin_premier_trimestre,gescoth.group_gescoth_eleve,0,0,0,0

admin_gescoth_bulletin_second_semestre,admin.gescoth.bulletin.second.semestre,model_gescoth_bulletin_second_semestre,gescoth.group_gescoth_admin,1,1,1,1
compta_gescoth_bulletin_second_semestre,compta.gescoth.bulletin.second.semestre,model_gescoth_bulletin_second_semestre,gescoth.group_gescoth_comptable,1,1,1,1
prof_gescoth_bulletin_second_semestre,prof.gescoth.bulletin.second.semestre,model_gescoth_bulletin_second_semestre,gescoth.group_gescoth_prof,1,0,0,0
eleve_gescoth_bulletin_second_semestre,eleve.gescoth.bulletin.second.semestre,model_gescoth_bulletin_second_semestre,gescoth.group_gescoth_eleve,0,0,0,0

admin_gescoth_bulletin_second_trimestre,admin.gescoth.bulletin.second.trimestre,model_gescoth_bulletin_second_trimestre,gescoth.group_gescoth_admin,1,1,1,1
compta_gescoth_bulletin_second_trimestre,compta.gescoth.bulletin.second.trimestre,model_gescoth_bulletin_second_trimestre,gescoth.group_gescoth_comptable,1,1,1,1
prof_gescoth_bulletin_second_trimestre,prof.gescoth.bulletin.second.trimestre,model_gescoth_bulletin_second_trimestre,gescoth.group_gescoth_prof,1,0,0,0
eleve_gescoth_bulletin_second_trimestre,eleve.gescoth.bulletin.second.trimestre,model_gescoth_bulletin_second_trimestre,gescoth.group_gescoth_eleve,0,0,0,0

admin_gescoth_bulletin_troisieme_trimestre,admin.gescoth.bulletin.troisieme.trimestre,model_gescoth_bulletin_troisieme_trimestre,gescoth.group_gescoth_admin,1,1,1,1
compta_gescoth_bulletin_troisieme_trimestre,compta.gescoth.bulletin.troisieme.trimestre,model_gescoth_bulletin_troisieme_trimestre,gescoth.group_gescoth_comptable,1,1,1,1
prof_gescoth_bulletin_troisieme_trimestre,prof.gescoth.bulletin.troisieme.trimestre,model_gescoth_bulletin_troisieme_trimestre,gescoth.group_gescoth_prof,1,0,0,0
eleve_gescoth_bulletin_troisieme_trimestre,eleve.gescoth.bulletin.troisieme.trimestre,model_gescoth_bulletin_troisieme_trimestre,gescoth.group_gescoth_eleve,0,0,0,0

admin_gescoth_carte,admin.gescoth.carte,model_gescoth_carte,gescoth.group_gescoth_admin,1,1,1,1
compta_gescoth_carte,compta.gescoth.carte,model_gescoth_carte,gescoth.group_gescoth_comptable,1,1,1,1
prof_gescoth_carte,prof.gescoth.carte,model_gescoth_carte,gescoth.group_gescoth_prof,1,0,0,0
eleve_gescoth_carte,eleve.gescoth.carte,model_gescoth_carte,gescoth.group_gescoth_eleve,0,0,0,0

admin_gescoth_note_eleve,admin.gescoth.note.eleve,model_gescoth_note_eleve,gescoth.group_gescoth_admin,1,1,1,1
compta_gescoth_note_eleve,compta.gescoth.note.eleve,model_gescoth_note_eleve,gescoth.group_gescoth_comptable,1,1,1,1
prof_gescoth_note_eleve,prof.gescoth.note.eleve,model_gescoth_note_eleve,gescoth.group_gescoth_prof,1,0,0,0
eleve_gescoth_note_eleve,eleve.gescoth.note.eleve,model_gescoth_note_eleve,gescoth.group_gescoth_eleve,0,0,0,0

admin_gescoth_generer_note,admin.gescoth.generer.note,model_gescoth_generer_note,gescoth.group_gescoth_admin,1,1,1,1
compta_gescoth_generer_note,compta.gescoth.generer.note,model_gescoth_generer_note,gescoth.group_gescoth_comptable,1,1,1,1
prof_gescoth_generer_note,prof.gescoth.generer.note,model_gescoth_generer_note,gescoth.group_gescoth_prof,1,0,0,0
eleve_gescoth_generer_note,eleve.gescoth.generer.note,model_gescoth_generer_note,gescoth.group_gescoth_eleve,0,0,0,0

admin_gescoth_liste_eleve,admin.gescoth.liste.eleve,model_gescoth_liste_eleve,gescoth.group_gescoth_admin,1,1,1,1
compta_gescoth_liste_eleve,compta.gescoth.liste.eleve,model_gescoth_liste_eleve,gescoth.group_gescoth_comptable,1,1,1,1
prof_gescoth_liste_eleve,prof.gescoth.liste.eleve,model_gescoth_liste_eleve,gescoth.group_gescoth_prof,1,0,0,0
eleve_gescoth_liste_eleve,eleve.gescoth.liste.eleve,model_gescoth_liste_eleve,gescoth.group_gescoth_eleve,0,0,0,0

admin_gescoth_releve_paiement,admin.gescoth.releve.paiement,model_gescoth_releve_paiement,gescoth.group_gescoth_admin,1,1,1,1
compta_gescoth_releve_paiement,compta.gescoth.releve.paiement,model_gescoth_releve_paiement,gescoth.group_gescoth_comptable,1,1,1,1
prof_gescoth_releve_paiement,prof.gescoth.releve.paiement,model_gescoth_releve_paiement,gescoth.group_gescoth_prof,1,0,0,0
eleve_gescoth_releve_paiement,eleve.gescoth.releve.paiement,model_gescoth_releve_paiement,gescoth.group_gescoth_eleve,0,0,0,0

admin_gescoth_saise_note_wizard,admin.gescoth.saise.note.wizard,model_gescoth_saise_note_wizard,,1,1,1,1
compta_gescoth_saise_note_wizard,compta.gescoth.saise.note.wizard,model_gescoth_saise_note_wizard,,1,1,1,1
prof_gescoth_saise_note_wizard,prof.gescoth.saise.note.wizard,model_gescoth_saise_note_wizard,,1,1,1,1
eleve_gescoth_saise_note_wizard,eleve.gescoth.saise.note.wizard,model_gescoth_saise_note_wizard,,1,1,1,1

admin_gescoth_examen_deliberation,admin.gescoth.examen.deliberation,model_gescoth_examen_deliberation,gescoth.group_gescoth_admin,1,1,1,1
compta_gescoth_examen_deliberation,compta.gescoth.examen.deliberation,model_gescoth_examen_deliberation,gescoth.group_gescoth_comptable,1,1,1,1
prof_gescoth_examen_deliberation,prof.gescoth.examen.deliberation,model_gescoth_examen_deliberation,gescoth.group_gescoth_prof,1,0,0,0
eleve_gescoth_examen_deliberation,eleve.gescoth.examen.deliberation,model_gescoth_examen_deliberation,gescoth.group_gescoth_eleve,0,0,0,0

admin_gescoth_eleve_inscription,admin.gescoth.eleve.inscription,model_gescoth_eleve_inscription,gescoth.group_gescoth_admin,1,1,1,0
compta_gescoth_eleve_inscription,compta.gescoth.eleve.inscription,model_gescoth_eleve_inscription,gescoth.group_gescoth_comptable,1,1,1,0
prof_gescoth_eleve_inscription,prof.gescoth.eleve.inscription,model_gescoth_eleve_inscription,gescoth.group_gescoth_prof,1,0,0,0
eleve_gescoth_eleve_inscription,eleve.gescoth.eleve.inscription,model_gescoth_eleve_inscription,gescoth.group_gescoth_eleve,0,0,0,0

admin_gescoth_inscription_wizard,admin.gescoth.inscription.wizard,model_gescoth_inscription_wizard,gescoth.group_gescoth_admin,1,1,1,1
compta_gescoth_inscription_wizard,compta.gescoth.inscription.wizard,model_gescoth_inscription_wizard,gescoth.group_gescoth_comptable,1,1,1,1
prof_gescoth_inscription_wizard,prof.gescoth.inscription.wizard,model_gescoth_inscription_wizard,gescoth.group_gescoth_prof,1,0,0,0
eleve_gescoth_inscription_wizard,eleve.gescoth.inscription.wizard,model_gescoth_inscription_wizard,gescoth.group_gescoth_eleve,0,0,0,0

admin_gescoth_cloturer_note,admin.gescoth.cloturer.note,model_gescoth_cloturer_note,gescoth.group_gescoth_admin,1,1,1,1
compta_gescoth_cloturer_note,compta.gescoth.cloturer.note,model_gescoth_cloturer_note,gescoth.group_gescoth_comptable,1,1,1,1
prof_gescoth_cloturer_note,prof.gescoth.cloturer.note,model_gescoth_cloturer_note,gescoth.group_gescoth_prof,1,0,0,0
eleve_gescoth_cloturer_note,eleve.gescoth.cloturer.note,model_gescoth_cloturer_note,gescoth.group_gescoth_eleve,0,0,0,0

admin_unite_enseignement,admin.unite.enseignement,model_unite_enseignement,gescoth.group_gescoth_admin,1,1,1,1
compta_unite_enseignement,compta.unite.enseignement,model_unite_enseignement,gescoth.group_gescoth_comptable,1,1,1,1
prof_unite_enseignement,prof.unite.enseignement,model_unite_enseignement,gescoth.group_gescoth_prof,1,0,0,0
eleve_unite_enseignement,eleve.unite.enseignement,model_unite_enseignement,gescoth.group_gescoth_eleve,0,0,0,0

admin_unite_credit,admin.unite.credit,model_unite_credit,gescoth.group_gescoth_admin,1,1,1,1
compta_unite_credit,compta.unite.credit,model_unite_credit,gescoth.group_gescoth_comptable,1,1,1,1
prof_unite_credit,prof.unite.credit,model_unite_credit,gescoth.group_gescoth_prof,1,0,0,0
eleve_unite_credit,eleve.unite.credit,model_unite_credit,gescoth.group_gescoth_eleve,0,0,0,0

admin_universite_note,admin.universite.note,model_universite_note,gescoth.group_gescoth_admin,1,1,1,1
compta_universite_note,compta.universite.note,model_universite_note,gescoth.group_gescoth_comptable,1,1,1,1
prof_universite_note,prof.universite.note,model_universite_note,gescoth.group_gescoth_prof,1,0,0,0
eleve_universite_note,eleve.universite.note,model_universite_note,gescoth.group_gescoth_eleve,0,0,0,0

admin_unite_module,admin.unite.module,model_unite_module,gescoth.group_gescoth_admin,1,1,1,1
compta_unite_module,compta.unite.module,model_unite_module,gescoth.group_gescoth_comptable,1,1,1,1
prof_unite_module,prof.unite.module,model_unite_module,gescoth.group_gescoth_prof,1,0,0,0
eleve_unite_module,eleve.unite.module,model_unite_module,gescoth.group_gescoth_eleve,0,0,0,0

admin_unite_validation,admin.unite.validation,model_unite_validation,gescoth.group_gescoth_admin,1,1,1,1
compta_unite_validation,compta.unite.validation,model_unite_validation,gescoth.group_gescoth_comptable,1,1,1,1
prof_unite_validation,prof.unite.validation,model_unite_validation,gescoth.group_gescoth_prof,1,0,0,0
eleve_unite_validation,eleve.unite.validation,model_unite_validation,gescoth.group_gescoth_eleve,0,0,0,0

admin_fiche_presence,admin.fiche.presence,model_fiche_presence,gescoth.group_gescoth_admin,1,1,1,1
compta_fiche_presence,compta.fiche.presence,model_fiche_presence,gescoth.group_gescoth_comptable,1,1,1,1
prof_fiche_presence,prof.fiche.presence,model_fiche_presence,gescoth.group_gescoth_prof,1,0,0,0
eleve_fiche_presence,eleve.fiche.presence,model_fiche_presence,gescoth.group_gescoth_eleve,0,0,0,0

admin_validation_unite_note,admin.validation.unite.note,model_validation_unite_note,gescoth.group_gescoth_admin,1,1,1,1
compta_validation_unite_note,compta.validation.unite.note,model_validation_unite_note,gescoth.group_gescoth_comptable,1,1,1,1
prof_validation_unite_note,prof.validation.unite.note,model_validation_unite_note,gescoth.group_gescoth_prof,1,0,0,0
eleve_validation_unite_note,eleve.validation.unite.note,model_validation_unite_note,gescoth.group_gescoth_eleve,0,0,0,0

admin_unite_genere_note,admin.unite.genere.note,model_unite_genere_note,gescoth.group_gescoth_admin,1,1,1,1
compta_unite_genere_note,compta.unite.genere.note,model_unite_genere_note,gescoth.group_gescoth_comptable,1,1,1,1
prof_unite_genere_note,prof.unite.genere.note,model_unite_genere_note,gescoth.group_gescoth_prof,1,0,0,0
eleve_unite_genere_note,eleve.unite.genere.note,model_unite_genere_note,gescoth.group_gescoth_eleve,0,0,0,0

admin_criters_validation,admin.criters.validation,model_criters_validation,gescoth.group_gescoth_admin,1,1,1,1
compta_criters_validation,compta.criters.validation,model_criters_validation,gescoth.group_gescoth_comptable,1,1,1,1
prof_criters_validation,prof.criters.validation,model_criters_validation,gescoth.group_gescoth_prof,1,0,0,0
eleve_criters_validation,eleve.criters.validation,model_criters_validation,gescoth.group_gescoth_eleve,0,0,0,0

admin_methode_calcule_moyenne,admin.methode.calcule.moyenne,model_methode_calcule_moyenne,gescoth.group_gescoth_admin,1,1,1,1
compta_methode_calcule_moyenne,compta.methode.calcule.moyenne,model_methode_calcule_moyenne,gescoth.group_gescoth_comptable,1,1,1,1
prof_methode_calcule_moyenne,prof.methode.calcule.moyenne,model_methode_calcule_moyenne,gescoth.group_gescoth_prof,1,0,0,0
eleve_methode_calcule_moyenne,eleve.methode.calcule.moyenne,model_methode_calcule_moyenne,gescoth.group_gescoth_eleve,0,0,0,0

admin_releve_note,admin.releve.note,model_releve_note,gescoth.group_gescoth_admin,1,1,1,1
compta_releve_note,compta.releve.note,model_releve_note,gescoth.group_gescoth_comptable,1,1,1,1
prof_releve_note,prof.releve.note,model_releve_note,gescoth.group_gescoth_prof,1,0,0,0
eleve_releve_note,eleve.releve.note,model_releve_note,gescoth.group_gescoth_eleve,0,0,0,0

admin_proces_verbale,admin.proces.verbale,model_proces_verbale,gescoth.group_gescoth_admin,1,1,1,1
compta_proces_verbale,compta.proces.verbale,model_proces_verbale,gescoth.group_gescoth_comptable,1,1,1,1
prof_proces_verbale,prof.proces.verbale,model_proces_verbale,gescoth.group_gescoth_prof,1,0,0,0
eleve_proces_verbale,eleve.proces.verbale,model_proces_verbale,gescoth.group_gescoth_eleve,0,0,0,0

admin_proces_annuel,admin.proces.annuel,model_proces_annuel,gescoth.group_gescoth_admin,1,1,1,1
compta_proces_annuel,compta.proces.annuel,model_proces_annuel,gescoth.group_gescoth_comptable,1,1,1,1
prof_proces_annuel,prof.proces.annuel,model_proces_annuel,gescoth.group_gescoth_prof,1,0,0,0
eleve_proces_annuel,eleve.proces.annuel,model_proces_annuel,gescoth.group_gescoth_eleve,0,0,0,0

admin_examen_anonymat,admin.examen.anonymat,model_examen_anonymat,gescoth.group_gescoth_admin,1,1,1,1
compta_examen_anonymat,compta.examen.anonymat,model_examen_anonymat,gescoth.group_gescoth_comptable,1,1,1,1
prof_examen_anonymat,prof.examen.anonymat,model_examen_anonymat,gescoth.group_gescoth_prof,1,1,1,1
eleve_examen_anonymat,eleve.examen.anonymat,model_examen_anonymat,gescoth.group_gescoth_eleve,0,0,0,0

admin_liste_par_niveau,admin.liste.par.niveau,model_liste_par_niveau,gescoth.group_gescoth_admin,1,1,1,1
compta_liste_par_niveau,compta.liste.par.niveau,model_liste_par_niveau,gescoth.group_gescoth_comptable,1,1,1,1
prof_liste_par_niveau,prof.liste.par.niveau,model_liste_par_niveau,gescoth.group_gescoth_prof,1,0,0,0
eleve_liste_par_niveau,eleve.liste.par.niveau,model_liste_par_niveau,gescoth.group_gescoth_eleve,0,0,0,0

admin_fiche_recette,admin.fiche.recette,model_fiche_recette,gescoth.group_gescoth_admin,1,1,1,1
compta_fiche_recette,compta.fiche.recette,model_fiche_recette,gescoth.group_gescoth_comptable,1,1,1,1
prof_fiche_recette,prof.fiche.recette,model_fiche_recette,gescoth.group_gescoth_prof,1,0,0,0
eleve_fiche_recette,eleve.fiche.recette,model_fiche_recette,gescoth.group_gescoth_eleve,0,0,0,0

admin_compte_banque,admin.compte.banque,model_compte_banque,gescoth.group_gescoth_admin,1,1,1,1
compta_compte_banque,compta.compte.banque,model_compte_banque,gescoth.group_gescoth_comptable,1,1,1,1
prof_compte_banque,prof.compte.banque,model_compte_banque,gescoth.group_gescoth_prof,1,0,0,0
eleve_compte_banque,eleve.compte.banque,model_compte_banque,gescoth.group_gescoth_eleve,0,0,0,0

admin_gescoth_unite_resultat,admin.gescoth.unite.resultat,model_gescoth_unite_resultat,gescoth.group_gescoth_admin,1,1,1,1
compta_gescoth_unite_resultat,compta.gescoth.unite.resultat,model_gescoth_unite_resultat,gescoth.group_gescoth_comptable,1,1,1,1
prof_gescoth_unite_resultat,prof.gescoth.unite.resultat,model_gescoth_unite_resultat,gescoth.group_gescoth_prof,1,0,0,0
eleve_gescoth_unite_resultat,eleve.gescoth.unite.resultat,model_gescoth_unite_resultat,gescoth.group_gescoth_eleve,0,0,0,0

admin_generer_resultat,admin.generer.resultat,model_generer_resultat,gescoth.group_gescoth_admin,1,1,1,1
compta_generer_resultat,compta.generer.resultat,model_generer_resultat,gescoth.group_gescoth_comptable,1,1,1,1
prof_generer_resultat,prof.generer.resultat,model_generer_resultat,gescoth.group_gescoth_prof,1,0,0,0
eleve_generer_resultat,eleve.generer.resultat,model_generer_resultat,gescoth.group_gescoth_eleve,0,0,0,0

admin_gescoth_emploi_wizard,admin.gescoth.emploi.wizard,model_gescoth_emploi_wizard,gescoth.group_gescoth_admin,1,1,1,1
compta_gescoth_emploi_wizard,compta.gescoth.emploi.wizard,model_gescoth_emploi_wizard,gescoth.group_gescoth_comptable,1,1,1,1
prof_gescoth_emploi_wizard,prof.gescoth.emploi.wizard,model_gescoth_emploi_wizard,gescoth.group_gescoth_prof,1,0,0,0
eleve_gescoth_emploi_wizard,eleve.gescoth.emploi.wizard,model_gescoth_emploi_wizard,gescoth.group_gescoth_eleve,0,0,0,0